id,customername,selldate,amount
1,Martin Ruiz,2015-11-18T23:25:26Z,$2795.10
2,Angela Collins,2015-12-12T13:18:07Z,$1450.30
3,Raymond Burke,2015-08-14T05:43:55Z,$1251.11
4,Ashley Evans,2016-06-20T19:37:53Z,$1704.80
5,Jennifer Stanley,2016-05-17T15:02:19Z,$4596.75
6,Joan Thomas,2015-07-29T05:22:47Z,$2671.19
7,Pamela Kim,2016-05-05T06:07:30Z,$346.36
8,Harry Ford,2016-03-29T23:29:05Z,$2594.54
9,Jessica Burns,2016-01-19T17:42:25Z,$3582.48
10,Juan Campbell,2016-03-27T04:53:53Z,$2672.10
11,Betty Cook,2016-04-18T06:13:11Z,$1403.91
12,Patricia Banks,2015-08-02T01:06:45Z,$3096.28
13,Ruby Ryan,2016-07-16T09:20:07Z,$3701.70
14,Charles Woods,2015-09-02T06:46:01Z,$3169.19
15,Kathleen Butler,2015-12-31T11:06:37Z,$4378.40
16,Cheryl Grant,2015-11-04T05:54:47Z,$2645.21
17,Gary Fox,2016-05-08T06:23:36Z,$1703.81
18,Sarah Hansen,2016-03-27T18:14:19Z,$656.51
19,Gloria Mcdonald,2015-09-18T06:23:27Z,$4196.38
20,Teresa Green,2015-08-10T13:19:28Z,$4101.91
21,Ralph Elliott,2016-01-21T08:06:14Z,$2630.46
22,Joseph Watson,2016-01-31T06:19:17Z,$4311.15
23,Theresa Porter,2016-03-05T20:40:48Z,$546.23
24,Jane Morgan,2016-05-26T12:35:49Z,$4506.89
25,John Gilbert,2015-09-27T08:02:10Z,$4852.91
26,Shirley Reyes,2016-04-15T20:49:34Z,$4333.06
27,Robin Taylor,2016-02-04T07:20:29Z,$482.97
28,Michael Harris,2016-05-24T01:29:52Z,$408.68
29,Randy Riley,2016-05-14T07:46:52Z,$3289.61
30,Carlos Murray,2016-06-29T03:24:34Z,$2423.30
31,Ernest Cooper,2016-02-21T20:45:23Z,$1722.18
32,Lois Kelley,2016-05-10T08:34:47Z,$2260.29
33,Kevin Hall,2016-04-02T16:28:20Z,$2220.95
34,Jesse Matthews,2015-10-14T15:38:41Z,$1883.44
35,Deborah Martinez,2016-06-10T20:54:07Z,$4662.09
36,Lois Cook,2016-02-18T01:45:21Z,$4356.04
37,Cheryl Wallace,2016-04-07T03:01:01Z,$4801.94
38,Joseph Moreno,2016-03-28T00:28:20Z,$4101.91
39,Pamela Palmer,2015-12-14T08:25:32Z,$3408.97
40,Martin Medina,2016-07-19T12:24:17Z,$410.36
41,Marilyn Martin,2015-07-29T08:24:21Z,$384.84
42,Dorothy Stanley,2015-12-02T15:23:02Z,$4357.82
43,Shirley Romero,2016-06-08T07:02:57Z,$3678.65
44,Bonnie Russell,2016-04-05T08:38:03Z,$951.80
45,Craig Hudson,2015-09-27T06:57:21Z,$1402.43
46,Ryan Sullivan,2016-03-09T09:13:45Z,$4290.01
47,Timothy Ford,2015-10-03T23:45:13Z,$1387.17
48,Amy Little,2016-01-09T07:04:33Z,$4816.97
49,Harold Edwards,2015-12-11T09:31:45Z,$4528.25
50,Jessica Martin,2015-11-02T18:04:13Z,$1669.01
51,Fred Owens,2016-06-04T19:09:39Z,$3172.25
52,Maria Mills,2016-02-06T11:40:36Z,$687.55
53,Charles Ruiz,2015-12-15T11:08:19Z,$3721.97
54,Jane Chapman,2016-01-26T21:06:19Z,$2644.64
55,Diane Wells,2016-05-27T10:54:34Z,$3404.23
56,Mark Freeman,2015-08-07T04:08:42Z,$4037.93
57,Carlos Morris,2016-06-23T11:07:08Z,$2730.76
58,William Campbell,2015-08-10T16:54:14Z,$4780.57
59,Albert Gutierrez,2016-02-18T04:18:58Z,$1653.78
60,Philip Meyer,2016-01-01T21:49:42Z,$1606.03
61,Shawn Simmons,2015-09-26T03:49:56Z,$2640.79
62,Benjamin Frazier,2015-10-17T08:25:07Z,$2739.08
63,Barbara Morales,2016-07-06T22:34:55Z,$2710.19
64,Janice Brooks,2015-09-26T17:10:47Z,$4055.56
65,Donna Flores,2015-09-10T05:37:13Z,$2169.94
66,Lawrence Ryan,2015-11-23T15:07:41Z,$3009.93
67,Carlos Woods,2015-12-30T02:59:34Z,$3923.35
68,Christopher Jacobs,2016-06-21T05:25:02Z,$639.69
69,Willie Arnold,2016-03-08T15:24:28Z,$1281.16
70,Kathleen Hanson,2015-10-22T11:05:20Z,$4576.63
71,Kathleen Cox,2016-03-06T10:09:45Z,$207.84
72,Arthur Ferguson,2015-08-06T05:15:10Z,$503.40
73,Mark Harvey,2015-12-21T10:10:35Z,$2458.03
74,Lawrence Day,2016-03-07T00:49:58Z,$4888.12
75,Tina Carr,2015-09-06T08:52:07Z,$3075.01
76,Larry Hanson,2016-07-15T16:17:27Z,$4810.27
77,Brenda Pierce,2015-12-26T21:31:08Z,$1827.59
78,Alan Woods,2016-05-29T16:13:08Z,$856.76
79,Ashley Lynch,2016-03-17T02:22:26Z,$2895.64
80,Lori Martinez,2015-08-19T17:39:39Z,$3001.05
81,Karen Crawford,2016-06-26T08:39:54Z,$1941.69
82,Lori Martin,2015-08-31T18:17:07Z,$2123.65
83,Jean Diaz,2015-09-18T17:23:00Z,$2334.29
84,Fred Mcdonald,2015-08-16T13:44:52Z,$581.33
85,Jean Griffin,2015-08-16T12:55:01Z,$3164.58
86,Ryan Carpenter,2015-08-16T12:24:57Z,$3767.27
87,Elizabeth Greene,2016-02-14T20:21:29Z,$2404.73
88,Victor Bell,2016-01-28T23:36:41Z,$4347.56
89,Jennifer Anderson,2016-04-20T07:57:36Z,$335.33
90,Jeremy Lopez,2016-01-17T12:18:11Z,$3632.74
91,Catherine Alexander,2015-09-05T16:30:38Z,$1265.10
92,Marilyn Green,2016-03-26T09:39:07Z,$4168.78
93,Cheryl Willis,2015-11-07T09:07:46Z,$2997.17
94,Nicole Gibson,2016-01-06T23:21:44Z,$4961.23
95,Sharon Day,2015-11-06T14:52:53Z,$507.13
96,Christine Myers,2015-08-01T17:10:13Z,$2212.87
97,Annie Frazier,2015-10-13T02:46:04Z,$2633.94
98,Arthur Young,2016-05-16T17:45:50Z,$4296.35
99,Kathleen Robinson,2016-04-08T03:40:43Z,$3605.88
100,Richard Lopez,2015-08-27T16:46:02Z,$771.90
101,Diana Fox,2015-11-02T18:12:10Z,$1435.11
102,Nicholas Simmons,2015-10-13T04:31:54Z,$4602.58
103,Victor Hunt,2016-04-29T12:40:44Z,$823.45
104,Justin Turner,2016-01-30T05:40:43Z,$788.93
105,George Vasquez,2015-12-28T09:54:03Z,$3883.54
106,Justin Murray,2016-06-18T08:54:48Z,$2181.51
107,Teresa Long,2016-01-16T02:08:03Z,$4557.14
108,Marie Henry,2016-03-20T09:07:45Z,$4771.10
109,Catherine Hansen,2016-05-05T00:55:39Z,$4657.13
110,Nancy Marshall,2016-07-20T13:51:11Z,$2592.42
111,Peter Morales,2015-12-19T22:21:38Z,$3021.83
112,Ruth Price,2015-08-31T02:01:04Z,$2505.88
113,Jean Perkins,2016-01-24T02:37:06Z,$2911.25
114,Arthur Fields,2015-09-19T07:59:55Z,$1899.99
115,Michelle Patterson,2015-08-26T00:08:18Z,$2367.08
116,Emily Stewart,2016-03-14T23:52:15Z,$295.00
117,Frances Price,2016-03-21T18:20:06Z,$3778.10
118,Joshua Turner,2015-09-19T13:42:36Z,$4674.05
119,Jane Hall,2016-07-15T23:58:05Z,$4111.47
120,Gary Lewis,2016-03-17T22:53:38Z,$2886.78
121,Irene Carr,2016-04-13T06:12:57Z,$4356.34
122,George Cooper,2016-01-16T03:17:40Z,$2808.08
123,Kelly Wheeler,2016-01-28T09:16:31Z,$3005.13
124,Andrea Carpenter,2016-05-31T04:29:28Z,$625.98
125,Richard Coleman,2016-05-06T04:55:55Z,$230.69
126,Eric Mcdonald,2016-01-31T20:18:40Z,$1715.17
127,Dennis Lawson,2015-07-31T02:19:34Z,$344.39
128,Kevin Warren,2015-10-14T07:37:27Z,$4955.25
129,Donna Ryan,2015-09-27T07:05:30Z,$2635.49
130,Edward Ramirez,2016-04-27T00:30:03Z,$4966.65
131,Christina Scott,2015-10-30T15:51:24Z,$227.42
132,Jeffrey Morris,2016-02-02T06:26:44Z,$679.61
133,Jerry Hicks,2015-12-03T19:08:08Z,$3092.77
134,Lois Baker,2016-01-22T18:00:06Z,$2298.18
135,Scott Mills,2015-08-29T17:25:53Z,$2765.97
136,Paul Stone,2016-06-05T08:42:00Z,$267.42
137,Susan Adams,2016-05-11T10:03:08Z,$561.35
138,Thomas Holmes,2016-03-28T14:26:43Z,$4163.49
139,John Williamson,2016-03-06T08:21:08Z,$2954.59
140,Jerry Hanson,2015-09-11T18:51:06Z,$1106.58
141,Virginia Moore,2015-08-08T19:19:05Z,$4438.29
142,Tammy Freeman,2015-08-29T19:52:34Z,$3934.92
143,Lawrence Cox,2015-09-28T03:10:11Z,$918.92
144,Billy George,2016-07-14T01:28:07Z,$4271.52
145,Roger Garza,2015-11-25T18:00:08Z,$466.03
146,Catherine Morris,2016-05-08T22:01:27Z,$2690.80
147,Frank Stanley,2015-08-25T03:14:50Z,$4187.42
148,Steve Flores,2015-08-29T01:16:13Z,$4790.51
149,Michelle Elliott,2016-03-27T10:59:39Z,$3213.94
150,Joan Lee,2015-11-09T09:24:01Z,$4777.74
151,Judy Murphy,2015-10-20T21:34:53Z,$2777.17
152,Jacqueline Elliott,2016-06-23T04:56:34Z,$1321.14
153,Peter Gibson,2015-09-22T06:09:00Z,$1478.48
154,Steven Bailey,2016-01-26T04:26:00Z,$4868.49
155,Gloria Spencer,2015-12-15T06:42:18Z,$843.39
156,Fred Ward,2016-05-24T19:31:01Z,$4423.44
157,Martha Long,2016-02-03T13:40:11Z,$574.39
158,Phillip Stephens,2015-12-25T07:45:20Z,$4911.28
159,Jerry Fields,2016-05-13T08:18:14Z,$3024.33
160,Kevin Hart,2016-05-13T22:13:58Z,$3960.45
161,Michael Webb,2016-05-11T03:56:40Z,$2571.73
162,Willie Perry,2015-12-09T06:05:49Z,$4669.38
163,Walter Rodriguez,2016-01-16T09:38:25Z,$1873.70
164,George Gutierrez,2016-02-19T14:14:59Z,$4237.37
165,Katherine Howell,2016-04-09T10:38:13Z,$1746.16
166,Angela Wells,2015-11-09T04:53:27Z,$1064.71
167,Peter Frazier,2016-02-10T08:49:10Z,$699.57
168,Victor Vasquez,2016-07-22T22:49:41Z,$726.93
169,Lawrence Flores,2016-01-22T17:58:00Z,$3647.01
170,Carl Harvey,2015-10-12T18:38:13Z,$1009.93
171,Diana Hawkins,2015-11-16T20:48:40Z,$858.23
172,Dennis Hamilton,2015-12-03T13:12:06Z,$3125.65
173,Aaron Riley,2016-01-10T14:35:48Z,$4444.69
174,Diana Fields,2016-04-06T20:05:02Z,$3847.64
175,Andrea Dunn,2016-05-23T04:53:06Z,$3562.62
176,Louis Hunter,2015-12-12T23:00:53Z,$1828.44
177,Linda Ellis,2015-10-15T22:44:11Z,$989.51
178,Matthew Holmes,2016-05-04T03:50:06Z,$4824.75
179,Deborah Washington,2016-06-03T17:34:22Z,$3465.09
180,Carl Bradley,2016-01-02T05:54:24Z,$539.21
181,Catherine Ramirez,2016-05-29T10:56:03Z,$4095.76
182,Gregory Shaw,2016-03-20T22:11:06Z,$4961.80
183,Mildred Ryan,2016-04-15T09:02:44Z,$4604.09
184,Nicholas Rodriguez,2015-10-29T02:26:56Z,$1779.72
185,Juan Stevens,2016-05-27T23:32:05Z,$3723.51
186,Evelyn Bowman,2015-10-18T16:45:09Z,$2240.40
187,Daniel Washington,2015-08-12T05:15:08Z,$700.03
188,Henry Duncan,2015-09-13T06:18:51Z,$4590.36
189,Howard Palmer,2016-06-17T13:21:15Z,$668.55
190,Charles Murray,2015-10-09T21:45:59Z,$1263.94
191,Katherine Davis,2016-02-14T20:24:16Z,$4040.03
192,Donald Stewart,2015-11-09T03:42:39Z,$4141.14
193,David Hill,2015-09-18T04:55:40Z,$2001.48
194,Cynthia Hill,2016-03-11T13:01:46Z,$4737.59
195,Christina Hunt,2016-06-05T13:06:33Z,$1859.18
196,Brenda Patterson,2015-08-02T06:04:23Z,$1579.49
197,Julia Crawford,2016-02-18T21:06:03Z,$2888.90
198,Julia Gibson,2015-12-05T09:23:08Z,$2429.74
199,Eric Hayes,2016-01-11T16:05:50Z,$3285.64
200,Roy Ramos,2015-08-22T05:25:43Z,$302.75
201,Wanda Carpenter,2015-08-22T22:44:49Z,$2360.76
202,Terry Gonzales,2016-03-11T15:40:10Z,$2491.16
203,Sarah Peterson,2016-06-27T16:45:26Z,$4021.12
204,Gary Fernandez,2015-09-11T07:17:59Z,$3881.41
205,Peter Larson,2016-02-08T22:34:30Z,$2038.63
206,Raymond Perez,2016-05-20T05:19:40Z,$4994.68
207,Joseph Romero,2015-12-03T09:14:10Z,$1727.19
208,Kevin Wallace,2015-10-12T00:19:17Z,$4055.87
209,Jerry Crawford,2016-07-22T01:51:40Z,$201.08
210,Donna Barnes,2016-06-06T18:12:12Z,$3823.63
211,Jacqueline Price,2015-11-08T02:12:43Z,$638.90
212,Carlos Snyder,2016-05-07T13:22:09Z,$2035.94
213,Mark Barnes,2016-01-25T11:38:41Z,$1086.57
214,Tina Daniels,2015-08-21T18:39:47Z,$3005.47
215,Joan Banks,2015-10-06T11:06:08Z,$3088.63
216,Robert Kelley,2016-05-25T20:07:20Z,$2237.51
217,James Porter,2016-02-12T04:42:03Z,$296.97
218,Lois Henry,2015-08-05T03:23:01Z,$4699.17
219,Susan Woods,2016-06-14T01:06:03Z,$2557.20
220,Frank Edwards,2015-08-23T01:10:33Z,$1769.83
221,Katherine Garcia,2016-02-09T02:31:46Z,$4121.15
222,Nicole Peters,2015-09-04T10:50:04Z,$486.37
223,Betty Weaver,2016-02-18T22:17:28Z,$1683.31
224,Janet Wells,2016-06-22T15:49:51Z,$4464.09
225,Arthur Holmes,2016-02-21T15:52:39Z,$1857.24
226,Katherine Grant,2016-03-11T10:34:43Z,$1586.78
227,Sara Mendoza,2016-03-11T04:51:44Z,$413.21
228,Robert Simpson,2016-03-01T11:03:07Z,$3395.38
229,Andrew Brown,2016-06-27T01:45:54Z,$4610.11
230,Lillian Gray,2015-09-12T20:52:30Z,$3306.01
231,Russell Elliott,2016-03-15T10:23:10Z,$969.44
232,Victor Lynch,2016-07-05T15:46:06Z,$3380.93
233,Lois Robinson,2015-10-23T08:26:31Z,$4921.05
234,Shirley Rice,2016-05-15T08:14:36Z,$3504.49
235,Marie Hunt,2015-11-17T15:46:52Z,$4050.11
236,Steve Stone,2015-10-25T05:20:02Z,$1283.18
237,Jeremy Day,2015-08-12T02:35:59Z,$3918.53
238,Ann Miller,2015-12-20T13:30:12Z,$4126.23
239,Barbara Berry,2016-03-29T11:48:10Z,$4815.20
240,Kelly Wheeler,2016-03-21T11:17:02Z,$892.88
241,Jimmy Gray,2015-12-18T09:42:38Z,$1736.58
242,Phyllis Sims,2015-09-28T05:30:05Z,$2482.71
243,Andrea Thompson,2016-03-16T03:32:53Z,$1853.63
244,Christina Wallace,2015-12-01T05:13:10Z,$1287.18
245,Andrew Matthews,2016-01-05T12:43:01Z,$1837.26
246,Victor Stanley,2016-02-09T14:28:20Z,$2056.48
247,David Martinez,2015-09-17T16:17:01Z,$4715.39
248,Debra Nelson,2016-02-20T22:55:56Z,$1182.30
249,Brandon Mcdonald,2015-12-10T11:33:33Z,$768.41
250,Todd Bell,2015-09-20T21:24:55Z,$1099.33
251,Howard Austin,2016-04-22T03:13:42Z,$4716.31
252,Gregory Hill,2015-12-28T22:38:58Z,$4792.26
253,Rose Alvarez,2016-04-05T02:43:46Z,$275.28
254,Walter Thomas,2015-09-28T13:18:41Z,$3625.49
255,Jack Armstrong,2016-05-25T19:37:10Z,$1058.41
256,Patricia Rose,2016-03-05T07:58:01Z,$3936.86
257,Catherine Stephens,2015-07-27T20:13:12Z,$1618.07
258,Chris Hart,2016-04-09T04:25:22Z,$1322.40
259,Tina Mason,2016-05-27T06:05:30Z,$2918.22
260,Benjamin Phillips,2015-10-13T09:09:16Z,$836.38
261,Adam Cruz,2015-11-07T20:18:55Z,$1937.55
262,Earl Snyder,2016-06-25T06:30:23Z,$1492.74
263,Fred Stanley,2016-07-07T19:40:28Z,$2267.52
264,Helen Kelly,2015-11-28T14:08:42Z,$3890.74
265,Bonnie Reed,2015-11-29T04:36:16Z,$1586.47
266,Dennis Peterson,2016-01-25T10:02:37Z,$1012.60
267,Louise Cox,2016-02-20T18:38:18Z,$2734.18
268,Margaret Willis,2016-07-02T19:16:34Z,$2896.29
269,Margaret Little,2015-09-08T11:08:17Z,$2612.51
270,Patrick Ross,2016-06-25T23:25:58Z,$854.05
271,Kimberly King,2015-07-28T00:32:10Z,$2747.00
272,Angela Burns,2016-02-02T02:21:30Z,$1675.88
273,Jonathan Hansen,2015-09-03T18:01:28Z,$4558.42
274,Gerald Kelly,2015-12-17T03:12:19Z,$1345.20
275,Shirley Payne,2016-02-02T11:19:04Z,$1883.99
276,Frank Welch,2016-01-24T17:05:23Z,$4130.52
277,Sara Willis,2015-12-23T00:43:55Z,$282.28
278,Harold Williams,2015-09-15T05:54:39Z,$647.69
279,Charles Diaz,2015-12-28T04:53:42Z,$4772.01
280,Charles Rivera,2016-05-07T03:42:32Z,$1646.81
281,Harold Stevens,2016-06-05T20:10:37Z,$665.84
282,Evelyn Taylor,2016-07-09T10:17:09Z,$3911.82
283,Gregory Banks,2015-12-21T14:45:27Z,$3704.93
284,Steven Chavez,2015-07-30T14:34:21Z,$4036.66
285,Ashley Dunn,2015-08-01T00:10:22Z,$2014.30
286,Jean Sims,2015-11-09T09:06:13Z,$2985.49
287,Melissa Butler,2016-02-13T10:08:29Z,$2480.58
288,Nicole Reyes,2016-07-05T08:21:06Z,$3321.14
289,Carol Spencer,2015-08-19T17:24:54Z,$1626.92
290,Gerald Howard,2016-03-15T01:25:22Z,$2121.35
291,Brenda Hicks,2015-07-25T10:27:03Z,$2050.66
292,Edward Phillips,2015-10-01T12:59:32Z,$3599.85
293,Barbara Gutierrez,2016-07-15T02:38:04Z,$1232.66
294,Anthony Day,2016-01-19T02:37:46Z,$4451.37
295,Rose Hunt,2016-06-23T11:57:49Z,$3046.16
296,Louis Hamilton,2015-07-27T14:29:43Z,$875.61
297,Pamela Williams,2015-11-23T17:03:22Z,$3562.30
298,Justin Scott,2015-11-16T17:07:40Z,$3688.69
299,Andrea Morales,2015-08-23T12:22:34Z,$653.88
300,Chris Willis,2016-02-16T00:06:48Z,$4340.94
301,Donald Greene,2016-03-04T10:29:19Z,$1621.87
302,Alice Mills,2015-11-18T22:46:49Z,$4759.76
303,Julie Thompson,2016-07-12T09:10:24Z,$2652.58
304,Keith Murphy,2015-08-06T21:20:55Z,$4107.75
305,Mildred Elliott,2015-12-08T02:19:33Z,$451.56
306,Christina Stephens,2016-07-12T21:22:28Z,$1690.73
307,Russell Brooks,2015-11-30T11:38:35Z,$4762.64
308,Kenneth Porter,2015-09-25T04:20:20Z,$779.87
309,Mark Knight,2016-03-04T21:28:00Z,$4314.31
310,William Alvarez,2016-07-03T07:27:14Z,$3885.64
311,Jessica Reed,2016-05-12T04:32:28Z,$271.62
312,Bruce Ward,2016-02-13T17:06:35Z,$4094.33
313,Jessica Jones,2016-02-03T06:44:38Z,$588.67
314,Jessica Wheeler,2016-06-11T11:22:24Z,$2804.30
315,Russell Dixon,2015-12-25T11:37:04Z,$241.98
316,Ashley Simmons,2015-12-20T15:53:35Z,$938.37
317,Ernest Cox,2016-05-22T20:26:53Z,$676.30
318,Phillip Fuller,2015-08-12T15:17:22Z,$3192.19
319,Frances Warren,2015-12-12T17:28:51Z,$1577.89
320,Jeremy Black,2015-10-07T07:09:27Z,$2862.54
321,Keith Baker,2015-10-08T08:02:30Z,$1124.53
322,Christine Hart,2015-08-04T19:53:37Z,$1017.12
323,Jason Pierce,2015-12-10T11:20:48Z,$3008.12
324,Brenda Weaver,2015-10-03T08:13:20Z,$3723.44
325,Anne Larson,2016-04-25T02:44:40Z,$1789.52
326,Louise Gordon,2016-04-25T00:55:54Z,$4093.62
327,Beverly White,2016-05-17T03:41:05Z,$1675.72
328,Diane Hughes,2016-05-22T03:17:45Z,$1229.19
329,Harold Greene,2015-11-16T20:34:20Z,$1084.76
330,Marilyn Burton,2016-05-23T15:24:59Z,$3900.78
331,Gary Castillo,2015-07-26T23:38:58Z,$435.09
332,Bobby Wells,2016-04-05T08:34:31Z,$1937.35
333,Kimberly Henderson,2016-03-17T12:34:10Z,$2004.65
334,Timothy Carter,2016-02-15T04:46:15Z,$1551.28
335,Linda Tucker,2016-01-03T13:20:30Z,$964.03
336,Carl Simpson,2016-02-01T18:34:05Z,$293.51
337,Ashley Warren,2015-09-18T16:40:33Z,$3651.53
338,Sara Reyes,2015-08-26T08:34:14Z,$3953.28
339,James Garcia,2016-04-18T00:41:35Z,$3974.39
340,Chris Stevens,2016-04-24T13:50:03Z,$3934.48
341,Irene Gonzales,2016-02-02T19:28:36Z,$2177.30
342,John Gonzalez,2015-12-11T16:04:22Z,$3878.94
343,Janet Chapman,2015-10-18T17:15:30Z,$2226.69
344,Anne Nichols,2016-01-31T04:47:22Z,$2543.71
345,Russell Foster,2016-06-18T08:52:26Z,$4342.84
346,Phyllis Kelly,2016-05-27T12:49:00Z,$1309.72
347,Nicole Burns,2015-11-22T20:10:40Z,$3711.51
348,Richard Harrison,2016-02-07T15:42:51Z,$3700.05
349,Kenneth Johnson,2016-04-02T07:31:23Z,$4690.54
350,Beverly Wilson,2016-02-03T20:55:01Z,$302.27
351,Patrick Ramirez,2015-09-05T15:40:50Z,$581.97
352,Janice Foster,2016-01-30T13:18:18Z,$3025.70
353,Steve Adams,2016-02-25T19:50:39Z,$2312.14
354,Beverly Mccoy,2016-01-02T09:03:45Z,$3204.00
355,Laura Diaz,2016-06-17T04:24:35Z,$272.86
356,Douglas Palmer,2016-03-19T12:00:15Z,$4942.55
357,Andrew Wallace,2015-08-23T10:46:43Z,$544.28
358,Denise Ross,2016-04-29T16:27:17Z,$3700.25
359,Benjamin Shaw,2016-06-01T05:43:26Z,$2501.27
360,Steven Fox,2016-07-20T18:30:33Z,$702.14
361,Aaron Dean,2016-05-13T09:38:28Z,$2603.71
362,Maria Henderson,2016-06-21T12:32:54Z,$3806.27
363,Jeremy Alvarez,2016-04-18T03:17:29Z,$1877.29
364,William Henry,2016-05-25T21:13:15Z,$2769.72
365,Janet Meyer,2016-05-07T07:21:51Z,$1736.60
366,Christine Payne,2015-12-02T16:13:04Z,$1067.43
367,Eugene Howell,2015-08-07T10:19:08Z,$2822.76
368,Carolyn Duncan,2016-01-04T11:58:57Z,$4129.08
369,Diana Hudson,2016-06-18T15:10:00Z,$2098.10
370,Brandon Cox,2016-03-22T14:28:21Z,$553.77
371,Diana Simmons,2016-03-08T06:04:20Z,$3608.88
372,Carlos Hart,2016-06-26T17:26:04Z,$2806.72
373,Scott White,2016-02-17T08:55:17Z,$980.62
374,Barbara Gonzales,2015-11-02T10:48:56Z,$2730.76
375,Michael Roberts,2015-08-21T01:11:02Z,$1768.17
376,Robin Ferguson,2015-08-14T19:12:13Z,$3292.45
377,Doris Walker,2016-03-07T23:18:09Z,$4781.43
378,Ann Morgan,2016-05-14T07:18:05Z,$4956.01
379,Andrew Murray,2016-03-02T17:41:19Z,$2661.31
380,Terry Adams,2015-11-12T20:03:58Z,$4633.71
381,Harold Perry,2016-02-05T19:41:41Z,$446.54
382,Doris Gilbert,2015-07-28T20:14:52Z,$1752.84
383,Amanda Evans,2016-07-11T13:24:50Z,$2910.10
384,Arthur Chapman,2015-08-10T13:35:02Z,$3277.07
385,Joyce Hicks,2016-05-30T13:59:43Z,$2762.20
386,Charles Lynch,2015-08-27T02:58:43Z,$4500.95
387,Rachel Parker,2016-05-04T17:15:32Z,$4394.67
388,Irene Flores,2016-01-03T15:07:04Z,$2032.03
389,Rachel Powell,2015-11-11T23:47:13Z,$4807.82
390,Tina Turner,2016-05-11T20:48:59Z,$2046.43
391,Teresa Murray,2015-10-11T05:39:08Z,$389.86
392,Gregory Henderson,2015-08-10T21:34:18Z,$2978.78
393,Anthony Black,2016-01-06T08:18:39Z,$1287.15
394,Judy Robinson,2016-04-18T14:14:07Z,$4497.90
395,Jane Wells,2016-03-01T20:04:04Z,$1070.39
396,Ernest Sullivan,2015-12-27T01:45:53Z,$2423.86
397,Carolyn Rice,2016-01-14T11:05:10Z,$1587.78
398,Lori Franklin,2016-02-23T09:49:48Z,$2739.79
399,Carlos Sanders,2016-06-22T09:33:06Z,$956.01
400,Sharon Gardner,2015-10-13T04:17:54Z,$4026.65
401,Edward Ortiz,2015-09-11T10:58:07Z,$318.47
402,Edward Richards,2016-01-17T05:21:01Z,$3336.14
403,Frank Parker,2016-04-24T18:36:16Z,$1116.85
404,Shirley Porter,2016-03-06T22:12:10Z,$3198.43
405,Susan Schmidt,2016-05-07T21:08:41Z,$2750.78
406,Heather Williams,2015-10-20T12:58:18Z,$1503.62
407,William Chapman,2016-04-24T00:52:47Z,$4014.67
408,Gregory Little,2016-05-24T23:22:08Z,$719.29
409,Shawn Castillo,2016-06-29T17:40:45Z,$3275.61
410,Christine Wright,2016-01-13T06:48:40Z,$2579.88
411,Teresa Alexander,2016-07-15T20:10:21Z,$4664.87
412,Betty Marshall,2016-04-24T13:06:11Z,$2920.84
413,Raymond Jacobs,2016-04-24T00:49:03Z,$2338.00
414,Benjamin Chavez,2016-07-21T01:14:17Z,$2259.40
415,Matthew Nelson,2016-07-01T13:42:01Z,$639.86
416,Keith Lawrence,2016-03-27T01:20:14Z,$4614.11
417,Adam Austin,2016-04-12T18:18:59Z,$1190.69
418,Stephanie Mitchell,2015-10-10T08:03:48Z,$1867.73
419,Randy Baker,2015-12-12T23:45:18Z,$993.19
420,Sharon Cruz,2016-04-30T18:09:15Z,$1381.07
421,Cheryl Sanchez,2015-11-12T01:15:54Z,$3827.25
422,Joseph Moreno,2015-10-11T00:49:23Z,$1322.50
423,Ernest Scott,2015-12-08T00:12:09Z,$1747.58
424,Ralph Garza,2015-12-27T05:05:33Z,$3172.13
425,Angela Frazier,2015-08-10T03:25:56Z,$2721.21
426,Clarence Watson,2016-06-12T21:47:17Z,$2064.95
427,Bonnie King,2016-02-18T03:16:11Z,$3162.41
428,Jerry Hunt,2016-03-28T22:58:06Z,$4667.28
429,Timothy Ross,2015-10-22T17:36:38Z,$3861.02
430,Gloria Willis,2016-07-15T07:35:31Z,$739.49
431,Michael Sanchez,2015-09-14T01:12:48Z,$4428.55
432,David Edwards,2015-07-28T12:47:05Z,$4467.94
433,Catherine Olson,2015-09-20T14:26:55Z,$2883.80
434,Christina Ross,2016-06-07T04:22:18Z,$4985.61
435,Julie Ramos,2015-07-26T12:50:36Z,$1842.83
436,Melissa Gardner,2015-10-12T13:03:52Z,$3551.04
437,Carol Kennedy,2015-10-20T21:07:49Z,$1127.04
438,Emily Fowler,2016-04-18T10:40:37Z,$4419.91
439,Sean Alexander,2016-04-23T08:37:14Z,$4584.15
440,Shawn Harvey,2015-08-29T00:46:34Z,$3444.53
441,Denise Torres,2015-08-06T06:14:43Z,$318.92
442,Samuel Moreno,2015-11-24T16:51:10Z,$3370.51
443,Frank Peters,2016-03-13T00:45:05Z,$2337.16
444,Jeffrey Bradley,2015-08-06T23:38:24Z,$1777.39
445,Teresa Phillips,2016-06-08T16:22:58Z,$4456.32
446,Jerry Howell,2016-06-20T02:08:40Z,$4276.28
447,Denise Garcia,2016-04-15T01:25:41Z,$2883.42
448,Michelle Collins,2015-09-03T02:33:03Z,$2552.68
449,Jeremy Henry,2016-04-29T20:59:31Z,$2787.04
450,Frank Montgomery,2015-12-22T13:07:17Z,$3463.23
451,Harold Cunningham,2016-06-08T00:09:02Z,$1633.31
452,Kimberly Perkins,2016-01-02T14:35:27Z,$2568.37
453,Steven Alexander,2015-08-25T03:23:07Z,$1211.55
454,Margaret Clark,2016-04-11T07:34:00Z,$3903.93
455,Cheryl Ruiz,2016-04-08T09:26:32Z,$1601.84
456,Craig Gonzales,2015-09-27T21:50:35Z,$693.19
457,Beverly Day,2016-02-11T06:06:11Z,$3284.98
458,Jason Gordon,2016-03-27T01:22:08Z,$245.94
459,Diana Sanchez,2015-11-01T03:11:54Z,$269.55
460,Raymond Jenkins,2015-11-13T19:38:57Z,$4964.62
461,Janice Day,2016-04-29T08:18:06Z,$1174.85
462,Paula Torres,2016-04-10T15:13:01Z,$501.95
463,Lori Gonzales,2016-06-12T04:41:03Z,$4414.07
464,Irene Gardner,2016-03-10T23:33:09Z,$3758.36
465,Tammy Rodriguez,2016-06-14T01:00:31Z,$2890.19
466,Dennis Sullivan,2015-10-28T12:35:15Z,$1270.83
467,Stephen Tucker,2015-11-29T05:32:58Z,$223.36
468,Linda Carpenter,2016-03-04T12:07:16Z,$615.05
469,Ruth Garcia,2016-04-12T00:39:25Z,$3866.06
470,Dorothy Moore,2016-03-16T15:16:20Z,$3523.30
471,Kathy West,2016-01-06T08:00:09Z,$2465.53
472,Paul Gonzalez,2015-08-27T01:15:19Z,$2887.48
473,Clarence Sims,2016-04-03T05:00:48Z,$1348.21
474,Jason Morris,2016-07-17T00:27:58Z,$3465.16
475,Diana Carter,2016-03-11T01:29:52Z,$3407.74
476,Carlos Stone,2016-05-25T08:38:14Z,$1356.44
477,Jacqueline Day,2016-05-05T08:19:17Z,$3643.11
478,Christine Kennedy,2016-03-19T05:27:27Z,$4465.59
479,Ruby Day,2016-04-20T06:29:27Z,$3683.00
480,Jane Greene,2016-02-20T14:37:20Z,$3317.68
481,Gloria Moore,2016-05-04T06:53:33Z,$2799.48
482,Jose Kennedy,2015-10-18T20:42:49Z,$1828.05
483,Howard Matthews,2015-12-28T14:00:19Z,$4151.58
484,Mark Harris,2015-11-04T04:38:29Z,$2333.70
485,Christine Rodriguez,2016-01-02T11:18:36Z,$2936.12
486,Nicholas Johnston,2016-06-26T18:14:08Z,$2509.42
487,Julie Garrett,2016-03-23T10:30:14Z,$3854.03
488,Nicholas Adams,2016-02-07T05:41:01Z,$1564.22
489,Chris Johnston,2016-06-11T17:22:57Z,$1835.64
490,Charles Alexander,2016-01-27T05:46:04Z,$1253.85
491,Earl Ramos,2016-02-14T14:14:00Z,$775.75
492,Heather Matthews,2015-08-28T19:18:19Z,$1736.44
493,James Sanders,2016-02-21T11:28:21Z,$4910.03
494,Gregory Mills,2015-10-25T14:22:35Z,$327.32
495,Jerry Meyer,2016-07-23T12:29:28Z,$2468.42
496,Kenneth Perez,2016-02-22T14:34:55Z,$3943.39
497,Marie Baker,2016-03-30T18:14:41Z,$588.19
498,Henry Gordon,2015-07-26T03:52:00Z,$1510.04
499,Linda Diaz,2016-01-08T09:55:39Z,$1094.90
500,Mildred Evans,2016-01-16T17:37:16Z,$3229.02
501,Matthew Carroll,2015-10-21T13:45:47Z,$1708.57
502,Christine Hughes,2015-09-23T15:12:21Z,$1039.20
503,Tina Griffin,2016-01-19T15:19:18Z,$4986.60
504,Andrea Freeman,2015-09-25T21:16:57Z,$1452.11
505,Rebecca Ferguson,2016-04-16T18:25:57Z,$554.60
506,Tammy Robertson,2016-07-16T04:50:19Z,$4974.66
507,Christopher Ortiz,2016-04-23T12:17:31Z,$1101.07
508,Chris Price,2016-05-09T07:16:20Z,$1501.02
509,Denise Jacobs,2016-06-15T11:25:07Z,$1627.72
510,Louise Sullivan,2016-06-14T19:07:49Z,$4735.15
511,James Harris,2015-09-02T04:59:22Z,$747.07
512,Paul Hudson,2015-12-02T03:25:45Z,$3530.52
513,Stephen Spencer,2015-08-27T11:22:50Z,$4947.75
514,Ruby Olson,2016-05-13T04:11:59Z,$4331.65
515,Kevin Wheeler,2016-05-11T14:56:03Z,$3392.19
516,Raymond Ortiz,2016-03-27T05:33:53Z,$881.53
517,Susan Murray,2016-02-17T22:18:04Z,$546.51
518,Christopher Snyder,2016-01-18T19:43:45Z,$4003.92
519,Walter Ortiz,2015-12-14T23:33:33Z,$4260.18
520,Janet Fernandez,2016-05-08T05:41:49Z,$2722.19
521,Craig Wheeler,2015-12-29T08:20:27Z,$4096.73
522,Frank Nguyen,2016-05-26T17:11:46Z,$4081.35
523,James Wheeler,2016-07-11T06:41:53Z,$2077.60
524,Anna Wright,2015-07-29T06:12:54Z,$1001.60
525,Cheryl Burke,2015-11-06T10:47:50Z,$2279.51
526,Johnny Wallace,2016-05-24T13:24:31Z,$2538.97
527,Theresa Porter,2015-08-16T02:10:41Z,$2009.18
528,Johnny Murphy,2016-02-02T11:29:32Z,$501.43
529,Cheryl Porter,2015-12-22T20:44:01Z,$2846.38
530,Thomas Meyer,2016-07-16T04:17:00Z,$1775.37
531,Irene Burton,2015-07-27T01:37:07Z,$404.04
532,Jesse Richardson,2016-04-30T15:20:30Z,$920.80
533,Julia Greene,2015-11-26T21:37:57Z,$2105.59
534,Laura Marshall,2015-08-07T18:10:46Z,$4639.66
535,Katherine Rodriguez,2015-12-03T21:55:20Z,$4305.71
536,Arthur Reynolds,2015-12-23T19:55:51Z,$2170.79
537,Rose Collins,2015-09-20T12:38:32Z,$333.52
538,Tina Carr,2015-12-21T02:31:54Z,$2837.13
539,Dennis Carroll,2015-12-09T16:59:38Z,$3683.60
540,Tammy Stanley,2016-01-09T18:24:42Z,$4632.07
541,Donald Johnson,2015-12-25T14:49:32Z,$259.83
542,Eugene Watson,2015-12-27T07:51:36Z,$1446.74
543,Richard Meyer,2016-06-24T05:38:01Z,$3045.38
544,Kathryn Patterson,2016-06-15T02:57:03Z,$4351.01
545,Heather Harris,2015-09-10T11:31:57Z,$1333.53
546,Rebecca Fowler,2016-05-27T01:45:00Z,$3039.29
547,Ernest Garrett,2016-03-05T03:45:26Z,$1094.72
548,Doris Carter,2015-10-16T07:22:52Z,$1643.65
549,Alan Reynolds,2016-07-20T18:33:09Z,$4088.83
550,Kenneth West,2016-05-21T18:50:38Z,$2078.50
551,Howard Chapman,2015-10-12T01:03:00Z,$241.35
552,Ruby Lopez,2015-08-29T17:21:29Z,$4581.16
553,Ann Williams,2016-05-08T00:28:59Z,$2058.61
554,Cheryl Burton,2016-04-03T04:48:59Z,$3388.65
555,Paul Hughes,2015-09-30T09:32:25Z,$669.43
556,Douglas Stone,2016-01-18T16:21:32Z,$348.66
557,Amanda Morgan,2016-06-24T07:57:11Z,$3527.37
558,Walter Owens,2015-07-30T23:05:59Z,$4619.33
559,Aaron Mitchell,2016-05-28T22:52:40Z,$2345.78
560,Angela Lawson,2015-09-16T05:30:05Z,$1420.61
561,Edward Torres,2015-08-17T07:11:18Z,$4286.78
562,Helen Hughes,2015-12-20T13:13:58Z,$3532.94
563,Patrick Spencer,2016-07-11T22:25:41Z,$4738.21
564,Katherine Richards,2015-09-07T22:45:55Z,$4322.14
565,Joyce Weaver,2015-08-14T01:01:41Z,$3772.34
566,Victor Berry,2015-09-30T07:42:59Z,$1734.88
567,Gary Jackson,2016-06-17T22:53:25Z,$2082.66
568,Tina Wood,2015-11-07T05:15:26Z,$1976.93
569,Brandon Bell,2016-02-22T08:22:49Z,$3880.18
570,Timothy Powell,2016-02-20T11:20:41Z,$2226.63
571,Gary Wheeler,2016-01-28T09:16:33Z,$3992.45
572,Anne Cunningham,2016-07-07T13:52:40Z,$3310.73
573,Carolyn Williamson,2016-04-25T02:07:12Z,$4035.17
574,Joan Brooks,2015-09-01T11:48:21Z,$2559.26
575,Deborah Reed,2015-07-25T11:37:15Z,$3196.06
576,Jean Hunter,2015-12-02T19:05:10Z,$1508.26
577,Cheryl Simmons,2016-02-02T22:16:33Z,$1819.78
578,Todd Harris,2015-08-12T10:12:40Z,$3269.74
579,Robin Hart,2016-02-17T08:03:39Z,$4522.65
580,Todd Robertson,2016-01-15T08:11:23Z,$2940.11
581,Steven Berry,2015-10-18T09:58:58Z,$1859.05
582,Kimberly Richards,2016-06-22T01:29:41Z,$3424.07
583,Janice Stanley,2015-12-05T22:33:00Z,$979.76
584,Charles Jacobs,2016-01-07T13:02:28Z,$4613.75
585,Stephen Freeman,2015-08-10T04:23:02Z,$4190.80
586,Joseph Hansen,2016-01-12T12:46:10Z,$2419.80
587,Ronald Coleman,2015-10-28T05:14:24Z,$4881.22
588,Timothy Vasquez,2016-05-04T22:06:37Z,$4431.30
589,Kathy Clark,2016-05-01T08:18:20Z,$3328.89
590,Denise Young,2016-01-27T23:55:36Z,$1958.02
591,Juan Reed,2016-06-06T13:23:04Z,$2738.72
592,Richard Mendoza,2015-10-20T15:35:52Z,$4171.43
593,Shirley Hall,2015-08-22T10:30:02Z,$1347.35
594,Daniel Green,2015-10-06T06:05:57Z,$1527.54
595,Cheryl Gonzales,2016-06-24T01:22:10Z,$2795.96
596,Brandon Bell,2016-05-16T04:21:19Z,$4247.44
597,Jonathan Stewart,2015-09-07T23:20:21Z,$4812.85
598,Eugene Oliver,2015-08-08T18:17:10Z,$4345.78
599,Shirley Hughes,2015-11-25T18:51:37Z,$4726.13
600,Craig Gibson,2015-09-17T08:01:04Z,$2596.15
601,Eugene Cunningham,2016-05-18T07:25:20Z,$1386.55
602,Larry Adams,2016-07-11T05:38:52Z,$846.90
603,James Hart,2016-06-09T17:29:43Z,$4439.72
604,Debra Reyes,2016-04-10T04:17:21Z,$4493.83
605,Frances Martinez,2015-10-20T13:30:28Z,$4397.69
606,Henry Freeman,2016-05-23T21:39:53Z,$1002.60
607,Carl Collins,2016-03-14T07:50:11Z,$1232.99
608,Ruby Bell,2016-01-05T00:35:10Z,$1244.90
609,Jesse Freeman,2015-09-02T03:55:02Z,$2140.69
610,Benjamin Austin,2015-08-29T01:34:57Z,$1547.92
611,Juan White,2016-03-17T23:39:10Z,$2544.83
612,Timothy Coleman,2016-05-19T01:29:26Z,$2371.52
613,Patrick Watson,2016-05-18T18:19:09Z,$3404.88
614,Carlos Gilbert,2015-11-22T18:05:42Z,$4827.62
615,Donald Wood,2015-09-30T04:57:24Z,$1471.01
616,Ronald Dixon,2016-06-18T20:21:41Z,$1355.27
617,Catherine Dunn,2016-05-19T22:06:21Z,$4791.66
618,Laura Henry,2016-06-06T05:17:33Z,$4650.48
619,Paul Ward,2016-03-22T11:44:34Z,$745.57
620,Victor Perez,2015-11-11T15:59:20Z,$1305.99
621,Christopher Washington,2015-12-15T21:36:45Z,$3013.82
622,Carlos Ellis,2016-04-05T02:51:30Z,$3554.99
623,Kathryn Ortiz,2016-04-12T20:56:50Z,$3720.40
624,Douglas Vasquez,2016-06-12T21:22:20Z,$4781.44
625,Timothy Alexander,2016-06-04T12:27:25Z,$4425.92
626,Pamela Graham,2016-03-18T13:29:11Z,$1230.50
627,Marilyn Rice,2016-04-05T12:33:20Z,$1653.00
628,Chris Morrison,2015-09-18T08:49:46Z,$4084.79
629,Craig Robertson,2016-01-22T01:43:32Z,$4610.23
630,Christina Dean,2015-08-20T19:12:39Z,$2443.43
631,Earl Fox,2015-12-29T12:34:57Z,$3339.14
632,Carolyn Rogers,2015-08-05T01:41:40Z,$4038.65
633,Mary Mcdonald,2015-11-13T07:24:55Z,$4635.65
634,Justin Ellis,2015-12-01T14:35:46Z,$1783.92
635,Janice Evans,2015-10-01T06:05:32Z,$2022.92
636,Walter Dixon,2015-08-19T02:18:31Z,$2832.39
637,Susan Robertson,2015-08-19T13:30:46Z,$1805.81
638,John Welch,2015-09-21T09:00:05Z,$2089.56
639,Carol Evans,2016-06-29T09:35:27Z,$3370.80
640,Irene Collins,2016-01-03T13:01:36Z,$2598.80
641,Dorothy Snyder,2015-08-12T11:15:47Z,$4669.01
642,Debra Snyder,2016-04-06T16:33:34Z,$3106.26
643,Raymond Kelley,2015-12-06T13:20:42Z,$4035.50
644,Raymond Wallace,2016-03-30T01:46:54Z,$1306.24
645,Craig Clark,2016-07-16T00:59:15Z,$1941.43
646,Joe Garrett,2015-08-24T07:33:24Z,$377.00
647,Beverly Hughes,2015-08-15T10:56:55Z,$1287.86
648,Earl Oliver,2016-01-16T14:31:38Z,$1669.32
649,Philip Thomas,2015-11-28T02:15:43Z,$4414.99
650,Christopher Reynolds,2016-03-22T05:30:23Z,$4063.66
651,Irene Hanson,2016-04-03T04:27:10Z,$4453.54
652,Carol Chavez,2015-09-04T06:52:44Z,$4612.35
653,Kevin Williamson,2015-10-10T23:36:41Z,$1054.72
654,Alan Wright,2015-08-26T09:53:07Z,$1021.60
655,Frances Howard,2015-11-04T09:43:33Z,$4992.66
656,Paul Ramos,2016-06-14T01:18:43Z,$1253.47
657,Harry Barnes,2016-02-17T19:02:08Z,$1887.82
658,Steven Hamilton,2016-02-09T17:38:10Z,$1082.46
659,Russell Wright,2016-02-22T10:59:48Z,$2569.96
660,Dennis Fisher,2016-07-18T23:50:46Z,$1378.70
661,Patricia Miller,2016-05-26T23:45:42Z,$4457.12
662,Jose Butler,2015-10-29T16:37:48Z,$4422.89
663,Gerald Stone,2016-01-19T17:34:02Z,$2346.46
664,Beverly Ramos,2016-04-16T20:10:26Z,$1179.51
665,Samuel Bowman,2016-03-22T04:39:17Z,$2719.33
666,Harry Gonzalez,2016-03-02T13:34:17Z,$340.99
667,Rachel Warren,2016-02-06T01:08:03Z,$4351.42
668,Phyllis Dean,2015-11-01T22:23:36Z,$1313.30
669,Brandon Morrison,2015-07-28T16:28:51Z,$648.38
670,Jeremy Mccoy,2015-08-22T20:19:19Z,$2293.67
671,Henry Bennett,2016-04-30T13:58:20Z,$4771.35
672,Judy Henderson,2016-06-01T20:29:22Z,$3494.23
673,Susan Stevens,2016-03-18T04:54:38Z,$3477.58
674,Arthur Webb,2015-08-14T22:00:17Z,$2419.44
675,Roy Brown,2016-05-07T01:41:40Z,$2695.12
676,Sharon Murray,2016-04-03T15:43:58Z,$2397.72
677,Jessica Clark,2016-04-30T19:01:58Z,$1622.88
678,Kenneth Jordan,2015-07-30T13:54:07Z,$799.86
679,Carol Frazier,2015-09-15T17:37:08Z,$536.26
680,Paul Perry,2015-10-02T18:44:19Z,$2733.77
681,Jane Barnes,2015-08-05T02:37:40Z,$1084.93
682,Robert Romero,2015-12-18T08:16:14Z,$3347.79
683,Donna Stewart,2016-01-18T05:16:52Z,$2220.75
684,Tina Murray,2015-11-16T02:18:36Z,$277.90
685,Carl Long,2015-11-18T06:47:26Z,$1196.76
686,Jacqueline Gonzalez,2016-06-22T23:32:37Z,$4140.94
687,Christopher Lewis,2015-11-01T14:42:12Z,$806.44
688,Aaron Sanchez,2016-03-24T09:12:19Z,$2077.03
689,Steve Baker,2016-03-10T07:47:32Z,$4677.03
690,Annie Reed,2015-12-02T08:27:29Z,$1843.05
691,Shawn Lynch,2016-02-04T00:49:06Z,$4871.82
692,Marilyn Burke,2016-06-08T01:50:20Z,$3368.22
693,Louise Schmidt,2015-11-10T14:05:36Z,$4321.48
694,Melissa Washington,2016-05-15T20:40:49Z,$2683.64
695,Phillip Meyer,2016-01-05T11:42:34Z,$700.35
696,Eric Franklin,2015-11-29T16:53:29Z,$3722.48
697,Sara Butler,2016-04-19T12:06:31Z,$3678.98
698,Jason Ford,2016-06-30T08:14:44Z,$2938.90
699,Wayne Hudson,2015-11-22T11:12:37Z,$2537.67
700,Emily Owens,2016-01-11T05:32:26Z,$2086.09
701,Keith Reyes,2015-10-22T03:46:18Z,$2596.49
702,Randy Lynch,2016-03-01T11:53:49Z,$4698.06
703,Benjamin Turner,2015-10-04T17:03:09Z,$4787.83
704,Rose Owens,2016-05-29T00:09:42Z,$2546.53
705,Kevin Webb,2016-02-24T22:32:18Z,$2496.45
706,Carolyn Hansen,2016-07-09T21:17:41Z,$3545.09
707,Shawn Weaver,2015-12-06T20:09:01Z,$736.86
708,Antonio Montgomery,2016-03-09T07:49:59Z,$2043.42
709,Todd White,2016-04-19T08:40:45Z,$1336.32
710,Tina Bishop,2016-06-23T15:39:22Z,$2004.44
711,Kathleen Cruz,2016-06-11T10:21:01Z,$3115.28
712,Helen Cook,2015-11-07T10:15:38Z,$203.09
713,John Knight,2015-10-21T03:10:40Z,$206.17
714,Russell Oliver,2015-08-08T14:03:32Z,$3206.96
715,Sharon West,2016-05-23T21:51:48Z,$2234.70
716,Ryan Bowman,2015-10-06T19:17:31Z,$3882.44
717,Paul Ford,2015-11-07T15:26:11Z,$4471.15
718,Frances Montgomery,2016-04-28T07:14:09Z,$3976.32
719,Bobby Hansen,2016-06-02T03:56:35Z,$1378.31
720,Scott Barnes,2015-09-23T09:47:39Z,$702.31
721,Shawn Burns,2015-08-05T22:24:04Z,$1981.84
722,Clarence Romero,2015-09-22T03:07:29Z,$1355.75
723,Robert Cox,2016-01-06T01:21:59Z,$1395.36
724,Jack Russell,2015-12-19T06:53:27Z,$4552.67
725,Ernest Baker,2016-01-27T01:22:22Z,$307.22
726,Jonathan Butler,2015-07-26T00:02:26Z,$4658.86
727,Denise Grant,2016-06-16T23:02:39Z,$3827.53
728,Sarah Hall,2015-11-09T02:59:17Z,$4894.89
729,Peter Fields,2016-06-21T04:08:14Z,$986.37
730,Judith Cook,2016-01-29T01:56:35Z,$1388.38
731,Richard Howard,2016-02-16T13:32:57Z,$447.11
732,Evelyn Hunter,2016-03-09T14:33:43Z,$2077.73
733,Debra Campbell,2015-09-24T05:21:30Z,$1397.44
734,Joyce Price,2016-06-16T04:21:26Z,$2470.94
735,Phyllis Hicks,2015-11-05T03:40:45Z,$890.79
736,Tammy Ramirez,2015-10-04T03:39:08Z,$2021.76
737,Kenneth Lee,2016-03-21T02:16:49Z,$1472.35
738,Susan Jones,2016-01-07T22:11:07Z,$4870.35
739,Rebecca Hunt,2016-06-06T17:55:38Z,$3631.71
740,Gerald Lewis,2015-09-25T01:36:05Z,$4736.11
741,Harry Bowman,2015-11-15T23:08:47Z,$3811.12
742,Catherine Olson,2016-04-05T14:33:33Z,$2345.97
743,Frances Stewart,2016-07-05T17:15:30Z,$1071.41
744,Roger Lee,2015-10-28T02:55:29Z,$793.60
745,Keith Reid,2016-07-17T14:21:19Z,$4578.44
746,John Sanders,2016-05-10T06:12:31Z,$2039.45
747,John Morgan,2015-09-06T03:20:24Z,$3515.11
748,Raymond Ray,2016-04-21T20:10:36Z,$337.92
749,Walter Robinson,2016-01-17T10:19:02Z,$2096.92
750,Gloria Mills,2015-11-19T20:29:52Z,$3592.64
751,Rose Carter,2015-09-01T01:59:51Z,$2221.19
752,Patrick Patterson,2016-05-30T14:58:18Z,$1813.03
753,Melissa Watson,2015-09-23T13:41:27Z,$4535.02
754,Scott Armstrong,2015-12-16T16:06:32Z,$2295.50
755,Irene Austin,2016-01-01T01:55:56Z,$3967.32
756,Jacqueline Rogers,2016-01-13T18:24:37Z,$2547.20
757,Susan Bowman,2015-09-09T17:32:15Z,$997.23
758,Jacqueline Bailey,2016-05-17T04:17:15Z,$3026.67
759,Martha Rivera,2016-06-25T08:13:04Z,$1012.65
760,Donald Hall,2016-03-06T04:19:31Z,$2969.95
761,Wayne Mendoza,2016-01-13T15:44:09Z,$4669.94
762,Ronald Woods,2016-02-07T19:06:52Z,$2180.28
763,Julie Lane,2015-12-22T16:19:02Z,$4224.21
764,Samuel Fisher,2016-07-18T13:21:46Z,$4310.10
765,Nancy Turner,2016-03-01T07:34:25Z,$829.80
766,Laura Wilson,2016-01-11T11:02:28Z,$2695.40
767,Jeffrey Reynolds,2016-04-26T12:34:57Z,$3181.16
768,Sarah Bowman,2015-11-05T06:35:16Z,$4797.08
769,Cynthia Jenkins,2015-10-14T07:35:36Z,$1143.83
770,Carolyn Bishop,2015-10-03T03:04:23Z,$2170.80
771,Willie Evans,2016-05-17T17:13:20Z,$4573.53
772,Dennis Matthews,2016-02-24T07:35:41Z,$3948.46
773,Wayne Hanson,2015-09-18T04:56:42Z,$2903.91
774,Gary Weaver,2015-10-14T16:01:18Z,$1285.63
775,Juan White,2015-08-06T14:13:10Z,$1889.14
776,Judy Robertson,2015-08-15T03:21:30Z,$2625.48
777,Russell Jordan,2016-06-13T21:05:21Z,$330.54
778,Helen Collins,2016-04-06T09:06:55Z,$4494.73
779,Samuel Hughes,2016-03-29T11:05:35Z,$643.31
780,Robin Little,2016-02-29T11:58:54Z,$1660.95
781,Victor Wilson,2016-01-03T00:56:13Z,$1405.14
782,Jacqueline Martin,2015-12-10T10:34:34Z,$4760.76
783,Frances Ellis,2016-07-13T01:13:50Z,$3368.24
784,Amanda Owens,2016-01-20T20:28:36Z,$4210.58
785,Walter Gray,2015-10-14T13:48:14Z,$3117.37
786,Scott Washington,2016-04-08T00:04:14Z,$883.18
787,Paula Shaw,2016-07-05T21:54:53Z,$3674.45
788,James Dixon,2016-07-15T09:41:01Z,$992.62
789,Donald West,2016-06-20T22:30:12Z,$515.25
790,Sarah Ward,2016-07-08T08:35:00Z,$1084.75
791,Katherine Torres,2016-01-07T13:47:01Z,$1934.51
792,Bonnie Hanson,2016-02-28T18:30:53Z,$1849.89
793,Gerald Shaw,2016-03-11T21:16:39Z,$3740.05
794,Charles Schmidt,2015-10-25T13:59:02Z,$3130.74
795,Anthony Peterson,2016-07-05T07:08:26Z,$1879.35
796,Paula Foster,2015-10-20T22:53:00Z,$3120.58
797,Michelle Young,2016-06-03T17:07:15Z,$4963.91
798,Cheryl Hughes,2016-06-18T19:32:41Z,$324.02
799,Marie Martinez,2016-02-29T11:57:07Z,$3180.23
800,Andrea Walker,2015-11-08T08:40:44Z,$3530.41
801,Russell Rivera,2016-03-19T23:33:21Z,$3984.95
802,Rachel Wilson,2015-09-15T06:26:54Z,$1536.22
803,Richard Burns,2016-06-20T19:56:25Z,$801.78
804,Virginia Schmidt,2015-12-14T14:24:50Z,$3917.59
805,Linda Snyder,2016-01-17T07:19:43Z,$1376.01
806,Diana Wright,2016-02-26T15:18:23Z,$2245.63
807,Tina Fox,2015-07-27T16:37:21Z,$3873.52
808,Jose Young,2016-03-19T13:44:42Z,$4261.05
809,Deborah Clark,2016-01-22T20:01:22Z,$2460.85
810,Christopher Bennett,2016-04-02T23:55:58Z,$2894.14
811,Douglas Mcdonald,2016-04-07T07:30:59Z,$2545.92
812,Barbara Cox,2016-04-13T07:55:20Z,$574.23
813,Frank Murphy,2016-07-03T13:29:48Z,$2301.93
814,Maria Hanson,2016-05-04T21:42:45Z,$1253.39
815,Frances Nelson,2016-04-26T18:34:42Z,$1859.14
816,Jose Harrison,2016-06-01T19:27:11Z,$3828.56
817,Margaret Daniels,2016-03-06T05:03:27Z,$241.14
818,David Anderson,2015-10-12T07:43:38Z,$2995.63
819,Roy Arnold,2015-10-26T02:42:55Z,$850.13
820,Russell Watson,2016-03-28T18:38:58Z,$4251.23
821,Helen Daniels,2016-06-16T18:51:32Z,$4390.83
822,Antonio Griffin,2015-10-06T00:34:04Z,$726.68
823,James Pierce,2016-05-18T12:44:10Z,$2836.59
824,Linda Knight,2016-06-30T17:37:02Z,$4642.96
825,John Franklin,2016-01-09T16:35:46Z,$4000.18
826,Randy Powell,2016-06-16T15:00:45Z,$4299.78
827,Amanda Garcia,2016-06-17T01:03:10Z,$3690.39
828,Phillip Chapman,2016-04-07T16:16:45Z,$1872.22
829,Donna George,2015-08-07T23:07:53Z,$3959.56
830,Jimmy Garcia,2016-05-14T16:31:17Z,$2698.17
831,Kevin Jordan,2016-05-17T11:48:11Z,$3834.79
832,Christina Foster,2015-12-23T14:53:02Z,$1884.44
833,Bonnie Carr,2015-08-21T09:55:43Z,$1757.92
834,Beverly Walker,2016-01-13T13:35:41Z,$4117.31
835,Philip Henry,2016-06-07T18:33:53Z,$4527.73
836,Jeffrey Rice,2015-12-10T19:11:20Z,$4731.20
837,Jack Schmidt,2016-07-03T18:59:44Z,$1345.45
838,Tina Morgan,2015-08-23T01:11:31Z,$769.59
839,Henry Bennett,2016-05-15T19:07:13Z,$2346.37
840,Scott Richards,2016-04-18T00:14:28Z,$897.32
841,Peter Armstrong,2016-03-06T14:22:31Z,$4200.24
842,Gloria Rice,2015-08-04T00:16:37Z,$3235.27
843,Sean Bailey,2015-08-13T19:05:45Z,$3974.48
844,Paula Fields,2016-06-02T06:30:52Z,$1965.35
845,Jean Ramos,2015-08-05T13:29:14Z,$4020.31
846,Evelyn Ross,2015-08-09T04:50:19Z,$1346.93
847,Louise Cox,2016-05-21T21:23:31Z,$1488.46
848,Paula Harris,2016-01-31T20:32:28Z,$2392.59
849,Arthur Watkins,2015-12-13T18:37:15Z,$612.18
850,Heather Andrews,2015-08-14T10:26:17Z,$641.44
851,Christina Rodriguez,2016-05-29T17:23:01Z,$2775.07
852,Christina Wilson,2016-04-12T02:12:06Z,$2454.70
853,Eugene Coleman,2015-12-25T01:52:34Z,$3026.41
854,Jacqueline Garcia,2016-03-06T08:58:00Z,$3366.23
855,Harold Torres,2016-06-18T11:54:52Z,$2291.58
856,Julie Brooks,2015-10-18T09:31:22Z,$3480.27
857,Helen Gonzalez,2015-11-29T08:32:15Z,$3885.62
858,Carl Stephens,2016-06-12T17:33:36Z,$1372.97
859,Gloria Roberts,2015-07-25T15:19:04Z,$3314.41
860,Cheryl Murray,2015-09-16T18:25:38Z,$1668.38
861,Joyce Perkins,2016-05-13T04:29:24Z,$3800.28
862,Sean Murphy,2015-11-24T10:14:39Z,$498.25
863,Denise Franklin,2016-01-23T09:16:45Z,$3549.41
864,Anna Price,2015-11-18T08:47:14Z,$4490.88
865,Margaret Montgomery,2016-07-19T02:58:35Z,$542.91
866,Donna Russell,2016-06-23T02:46:25Z,$824.96
867,Terry Medina,2015-11-06T13:57:16Z,$1067.14
868,Mark Payne,2016-02-17T21:17:16Z,$3844.98
869,Shawn Hernandez,2015-10-01T02:48:38Z,$3036.49
870,Joyce Castillo,2015-08-21T22:06:50Z,$2988.19
871,Cynthia Fowler,2015-09-29T11:21:01Z,$4201.26
872,Joe Johnston,2016-05-17T10:51:56Z,$626.89
873,Todd Hernandez,2016-05-09T22:22:37Z,$1193.70
874,Mary Taylor,2016-04-27T17:26:23Z,$1011.48
875,Stephanie Harrison,2016-03-19T16:46:24Z,$1168.94
876,Ryan Murray,2016-04-28T08:29:23Z,$1514.79
877,Jason Kim,2016-02-12T17:42:19Z,$2247.41
878,Johnny Cooper,2015-11-05T07:00:15Z,$3664.68
879,Antonio Evans,2016-01-24T03:13:21Z,$1557.06
880,Aaron Cooper,2016-03-25T14:47:30Z,$809.63
881,Frances Washington,2015-08-30T12:05:47Z,$1049.02
882,Deborah Andrews,2015-12-17T22:20:59Z,$4605.17
883,Ruth Kelly,2016-04-15T10:08:11Z,$3729.52
884,Catherine Washington,2016-03-20T11:33:45Z,$4967.09
885,Wayne Hunt,2015-10-26T20:29:25Z,$2551.85
886,Benjamin Weaver,2016-07-15T20:07:11Z,$541.86
887,Joseph Stanley,2015-12-16T20:38:09Z,$460.28
888,Tina Lee,2016-02-09T19:20:35Z,$2608.59
889,Jean Bailey,2015-07-28T04:42:18Z,$2584.67
890,Julia Romero,2016-07-12T03:25:22Z,$222.18
891,Louise Dixon,2015-08-07T03:46:22Z,$4323.34
892,Patricia Hansen,2016-04-01T15:14:57Z,$2612.83
893,Janet Warren,2015-12-21T17:36:13Z,$473.09
894,Victor Cooper,2016-06-20T22:34:41Z,$1520.79
895,Anthony Brooks,2016-07-08T07:28:00Z,$2504.44
896,Jack Ford,2015-09-24T22:35:54Z,$3427.14
897,Roger Henderson,2015-08-31T18:27:25Z,$3893.27
898,Raymond Mason,2015-09-19T08:55:28Z,$3555.49
899,Chris Robinson,2016-01-26T05:44:40Z,$2084.45
900,Ralph Moore,2016-06-02T08:08:31Z,$4366.69
901,Jack James,2016-03-16T12:28:27Z,$3368.52
902,Doris Murphy,2015-12-18T02:08:33Z,$1706.18
903,Arthur Sullivan,2015-10-22T18:17:32Z,$2975.67
904,Sharon Jordan,2016-03-12T12:35:11Z,$604.02
905,Carol Lawrence,2015-10-26T16:15:21Z,$4316.53
906,Anna Hill,2015-09-21T17:08:30Z,$637.01
907,Daniel Fields,2016-02-26T05:33:02Z,$2980.36
908,Kevin Nelson,2015-08-30T23:54:02Z,$2267.05
909,Louis Bishop,2015-08-08T21:48:09Z,$1196.52
910,Jennifer Stevens,2015-12-23T05:04:20Z,$507.39
911,Kimberly Rogers,2016-03-08T12:52:39Z,$3217.92
912,Nancy Wood,2015-10-31T07:33:21Z,$260.81
913,Annie Walker,2015-12-21T12:40:52Z,$3738.69
914,Carl Harrison,2016-03-20T16:36:12Z,$1400.12
915,Lois Mitchell,2015-12-14T21:11:43Z,$279.89
916,Denise Morgan,2016-05-24T11:35:30Z,$404.40
917,Mary Gilbert,2016-03-11T20:45:34Z,$2001.70
918,Kelly Mitchell,2016-05-22T18:56:00Z,$4320.41
919,Judy Wright,2015-09-07T04:22:29Z,$4191.24
920,Peter Mitchell,2016-03-03T01:27:40Z,$4634.29
921,Helen Banks,2016-04-02T01:11:31Z,$2853.71
922,Fred Murphy,2016-07-21T11:26:14Z,$1053.21
923,Charles Hernandez,2016-05-27T14:49:46Z,$4575.02
924,Juan Lopez,2016-02-11T20:29:10Z,$4674.92
925,Justin Fields,2016-04-28T02:38:50Z,$2917.41
926,Joyce Hunter,2015-09-27T11:59:22Z,$2679.87
927,Fred Gardner,2016-02-07T05:46:17Z,$2870.50
928,Chris Weaver,2016-04-16T06:07:09Z,$4039.25
929,Charles Montgomery,2016-07-22T07:16:57Z,$4902.26
930,Maria Harvey,2015-09-05T15:41:19Z,$2489.89
931,Lillian Rogers,2016-06-01T21:36:53Z,$1852.04
932,Ryan Stephens,2016-04-14T13:43:40Z,$2938.19
933,Jessica Powell,2015-12-27T19:55:57Z,$4181.05
934,Bobby Nichols,2016-02-14T06:15:42Z,$2462.91
935,Alan Campbell,2015-09-29T21:25:52Z,$593.33
936,Denise Lawrence,2016-05-25T18:37:35Z,$3140.47
937,Raymond Montgomery,2016-02-15T03:43:06Z,$2546.35
938,Katherine Weaver,2016-02-03T09:41:33Z,$3402.32
939,Carl Snyder,2016-05-08T16:14:16Z,$906.96
940,Jessica Williamson,2015-09-03T16:17:08Z,$1177.72
941,Kelly Clark,2015-08-30T04:30:18Z,$2221.98
942,Joshua Johnston,2016-03-17T12:53:16Z,$465.65
943,Ralph Elliott,2016-05-07T02:27:19Z,$2677.60
944,Martin Rice,2015-08-19T16:03:40Z,$2179.17
945,Fred Henderson,2016-04-06T14:39:23Z,$4595.57
946,Arthur Anderson,2016-07-02T13:17:24Z,$1413.34
947,Emily Diaz,2016-07-12T09:44:56Z,$1115.18
948,Angela Scott,2016-02-01T15:23:39Z,$971.47
949,Kenneth Owens,2015-10-02T12:19:56Z,$2724.01
950,Albert Matthews,2015-09-04T18:23:39Z,$1356.21
951,Scott Richards,2016-06-26T15:47:19Z,$2760.17
952,Karen Weaver,2016-04-11T23:10:18Z,$2471.35
953,Shirley Nguyen,2016-02-13T23:42:18Z,$4514.03
954,Wayne Hawkins,2016-07-13T20:17:48Z,$552.19
955,Carolyn Morales,2016-01-29T09:22:20Z,$1496.83
956,Kenneth Stephens,2016-01-30T04:56:09Z,$2119.19
957,Michael Gray,2016-03-13T01:47:00Z,$279.23
958,Christina Willis,2015-09-06T11:17:18Z,$1553.72
959,Dennis Rogers,2015-12-06T23:29:28Z,$1309.64
960,Kathy Lawson,2016-04-30T12:55:56Z,$547.02
961,Linda Burke,2015-11-03T02:31:46Z,$2579.34
962,Timothy Scott,2016-06-06T20:18:04Z,$1964.83
963,Nancy Roberts,2015-07-29T13:07:56Z,$4041.27
964,Jeremy Ellis,2015-07-25T13:18:50Z,$909.81
965,Randy James,2016-03-01T14:12:46Z,$1597.72
966,Brenda Cox,2015-09-22T22:04:48Z,$1562.71
967,Margaret Chavez,2016-02-06T11:27:27Z,$2628.39
968,Annie Brooks,2016-07-06T00:39:23Z,$1774.15
969,Jimmy Howard,2015-09-12T00:45:43Z,$4971.30
970,Ralph Lynch,2016-03-24T19:09:11Z,$3028.14
971,Mary Sanders,2015-08-21T21:16:14Z,$3085.72
972,Susan Hamilton,2015-11-24T11:06:27Z,$520.25
973,Martin Nguyen,2015-11-09T00:43:04Z,$2105.56
974,Marilyn Richards,2015-11-18T15:24:23Z,$3715.18
975,Jimmy Oliver,2016-03-29T04:55:09Z,$308.74
976,James Kelly,2015-12-01T19:35:45Z,$292.73
977,Steven Watkins,2016-04-27T09:11:00Z,$789.77
978,Joseph Bell,2016-04-05T11:06:46Z,$2103.49
979,Lois Gomez,2016-04-28T08:22:21Z,$3700.95
980,Russell Jackson,2015-12-23T07:53:33Z,$540.54
981,Chris Miller,2015-08-08T08:40:02Z,$3178.08
982,Kathryn Bradley,2016-04-21T04:50:08Z,$4531.56
983,Scott Moore,2016-04-03T01:38:19Z,$715.58
984,Earl Cruz,2015-08-01T23:21:26Z,$464.08
985,Diana Wood,2015-10-16T10:45:09Z,$1344.40
986,Laura Hughes,2016-03-17T17:50:47Z,$1117.89
987,Jesse Duncan,2016-03-23T00:59:18Z,$3861.32
988,Stephanie Gilbert,2015-08-09T02:27:34Z,$2604.97
989,Martin Brown,2016-01-01T22:53:46Z,$4066.20
990,Gary Gray,2016-02-07T17:25:51Z,$3604.83
991,Louis Gibson,2015-08-28T20:14:51Z,$2753.14
992,Kathleen White,2015-09-11T06:49:36Z,$3424.72
993,Maria Mason,2016-01-04T01:32:41Z,$4448.00
994,Victor Webb,2016-01-13T11:02:29Z,$1344.11
995,Judith Fowler,2016-03-20T05:58:58Z,$2418.29
996,Tammy Meyer,2016-05-25T11:42:37Z,$1289.93
997,Mildred Perez,2016-03-30T00:55:28Z,$4936.91
998,Nicole Murphy,2016-05-05T17:42:37Z,$2751.88
999,Frank Robertson,2015-10-24T03:42:24Z,$4563.92
1000,Emily Freeman,2016-02-13T00:14:00Z,$4701.34
